Title,Thumbnail URL
A (semi) Live-stream Through My Hyper-V Lab,http://images.squarespace-cdn.com/content/v1/5dd365a31aa1fd743bc30b8e/1692653279858-26LQR1HQ7PN8JQGO0M5B/image-asset.jpeg/img.jpg
Administrator Privileges on Azure AD Joined Machines,http://images.squarespace-cdn.com/content/v1/5dd365a31aa1fd743bc30b8e/1594863946898-4JIEZG2O37G32FTRX7XC/image-asset.jpeg/img.jpg
ADMX in Intune- a year (or two) later: Part I,http://images.squarespace-cdn.com/content/v1/5dd365a31aa1fd743bc30b8e/1608825614148-BMHE3D5VTE9XY0TVGR5Z/image-asset.jpeg/img.jpg
Advanced Intune Device Query: Joining Across Categories,http://images.squarespace-cdn.com/content/v1/5dd365a31aa1fd743bc30b8e/1742308091842-MTEME0V3QK8PZXDYRMTH/deviceQuery.png
An Old MDM Setting,http://images.squarespace-cdn.com/content/v1/5dd365a31aa1fd743bc30b8e/1714680252697-TRE1U3HCSLBZ6D6UKBCE/obiwan.png
"App answers: yes, Intune can do it",http://images.squarespace-cdn.com/content/v1/5dd365a31aa1fd743bc30b8e/1581036716148-69OT7Y8LURQ7C5KVXEMK/image-asset.jpeg/img.jpg
Automatic Enrollment: Don't Be Afraid,http://images.squarespace-cdn.com/content/v1/5dd365a31aa1fd743bc30b8e/1585234600428-B0XUBOR1Y0PFY9UHSTOR/image-asset.jpeg/img.jpg
How to configure Autopilot Device Preparation Part 1: Set it up,http://images.squarespace-cdn.com/content/v1/5dd365a31aa1fd743bc30b8e/1717895317137-IOJQSP9LOSPCIUYH9ZMG/pilot.png
Autopilot for existing devices: have patience,http://images.squarespace-cdn.com/content/v1/5dd365a31aa1fd743bc30b8e/1582513202288-CXSBAOUYTPBMPWEMC3DU/image-asset.jpeg/img.jpg
Autopilot for Hybrid join: a (somewhat) visual guide,http://images.squarespace-cdn.com/content/v1/5dd365a31aa1fd743bc30b8e/1581105865989-ZFHBQUU97ETTG0HHFLNE/image-asset.jpeg/img.jpg
Autopilot Group Tags,http://images.squarespace-cdn.com/content/v1/5dd365a31aa1fd743bc30b8e/1581090245033-NC8XWEG00IO1BKUDDQWT/image-asset.jpeg/img.jpg
Autopilot Group Tags: Part 1,http://images.squarespace-cdn.com/content/v1/5dd365a31aa1fd743bc30b8e/1647025447270-RLXUIBG3VYJVR9KVREBE/unsplash-image-_XlhZVsKykw.jpg
Autopilot Group Tags: Part 2,http://images.squarespace-cdn.com/content/v1/5dd365a31aa1fd743bc30b8e/1647122431594-PXIQ2MVAIS4900KXJO9T/unsplash-image-rKYRJu0n06Y.jpg
Autopilot Group Tags: Part 3,http://images.squarespace-cdn.com/content/v1/5dd365a31aa1fd743bc30b8e/1647280446405-O8I373L2LS4UZ8TPQF64/unsplash-image-566CgCRSNCk.jpg
Autopilot Group Tags: Part 4,http://images.squarespace-cdn.com/content/v1/5dd365a31aa1fd743bc30b8e/1647306407660-079WQO170YVDMBCKTF38/unsplash-image-WCID2JWoxwE.jpg
Autopilot Group Tags: Part 5,http://images.squarespace-cdn.com/content/v1/5dd365a31aa1fd743bc30b8e/1647375489765-LE4G2MKDQ9PWUWHCK7X1/unsplash-image-4JL_VAgxwcU.jpg
Autopilot Shortcut,http://images.squarespace-cdn.com/content/v1/5dd365a31aa1fd743bc30b8e/1583338172870-HCUH3O9LFGGXVGNTKSE8/image-asset.jpeg/img.jpg
Autopilot White-Glove: What happens between hitting the Windows key 5 times and getting to a (hopefully) green screen.,http://images.squarespace-cdn.com/content/v1/5dd365a31aa1fd743bc30b8e/1598408342622-2HYWS3K9WL65N991G4PI/image-asset.jpeg/img.jpg
Backtracking on RBAC,http://images.squarespace-cdn.com/content/v1/5dd365a31aa1fd743bc30b8e/1725650851158-BO98YYLUCXTU48UGTE2X/futureJogging.jpeg
"Be gone, chat!",http://images.squarespace-cdn.com/content/v1/5dd365a31aa1fd743bc30b8e/1656332961973-77MD74JRCYSAWG8000NH/unsplash-image-mZNRsYE9Qi4.jpg
Bootstrap the Classic Away,http://images.squarespace-cdn.com/content/v1/5dd365a31aa1fd743bc30b8e/1726771108746-5GX3G4GIFTOYSJ8F7696/noTeams.jpeg
Chip shortage?  No problem: Windows 365 + Endpoint Manager,http://images.squarespace-cdn.com/content/v1/5dd365a31aa1fd743bc30b8e/1630604364652-TUF5S54W2QB6OGYW1O98/unsplash-image-G9js7s793k4.jpg
"Complex DLP Rule Design Is, Well...Complex",http://images.squarespace-cdn.com/content/v1/5dd365a31aa1fd743bc30b8e/1739359675527-64H58KBJAOINMC9WR8OR/dlp.jpeg
Covid Co-Management Crisis,http://images.squarespace-cdn.com/content/v1/5dd365a31aa1fd743bc30b8e/1586873132620-V48DMITAXISWCM9UYPTZ/image-asset.jpeg/img.jpg
Covid Co-Management Crisis Part 2: Cloud Management Gateway,http://images.squarespace-cdn.com/content/v1/5dd365a31aa1fd743bc30b8e/1598966774790-98OQHIJCSW703HBGPW72/image-asset.jpeg/img.jpg
Covid Co-Management Crisis Part 3: Set it up,http://images.squarespace-cdn.com/content/v1/5dd365a31aa1fd743bc30b8e/1599501256551-0D5VYGDJX66Y3DHEYCCA/image-asset.jpeg/img.jpg
Custom Intune Reporting,http://images.squarespace-cdn.com/content/v1/5dd365a31aa1fd743bc30b8e/1705694293364-MR5CEP4PG70XJ56L7CN3/image-asset.jpeg/img.jpg
Delivery Optimization - Just Stick to the Template,http://images.squarespace-cdn.com/content/v1/5dd365a31aa1fd743bc30b8e/1706897218319-2RZARFCMM9T5VKUR4SFZ/image-asset.jpeg/img.jpg
Deploy Individual Printers with Intune,http://images.squarespace-cdn.com/content/v1/5dd365a31aa1fd743bc30b8e/1581105481469-59BU2NZLB3HHTHE4UCBE/image-asset.jpeg/img.jpg
Dynamic groups for co-managed devices,http://images.squarespace-cdn.com/content/v1/5dd365a31aa1fd743bc30b8e/1586748659379-UF4JXLFIWQZ0DJWKQAZ6/image-asset.jpeg/img.jpg
Elevate with Windows 11,http://images.squarespace-cdn.com/content/v1/5dd365a31aa1fd743bc30b8e/1683551178914-EANV0K4VZTR4RWVNMMU2/unsplash-image-Y-GnrESsjr0.jpg
"Entra Password Protection Smarter Security, Fewer Pop-Tarts",http://images.squarespace-cdn.com/content/v1/5dd365a31aa1fd743bc30b8e/1738675736371-4YFG27VIF60HF58FZABZ/unsplash-image-KXOXVJxFAmg.jpg
Exploring Microsoft Entra Private Access,http://images.squarespace-cdn.com/content/v1/5dd365a31aa1fd743bc30b8e/1737042453223-6I84ZGKHLYLFYIAR5EV7/unsplash-image-nGoCBxiaRO0.jpg
Exploring Microsoft Entra Private Access - Part 2,http://images.squarespace-cdn.com/content/v1/5dd365a31aa1fd743bc30b8e/1737404546350-LRXZWMDVXFSOMJQRMZVQ/Electric_Digital_Globe_Entra_Access_Blog.jpg
Exposing ESP failures with the Microsoft Graph,http://images.squarespace-cdn.com/content/v1/5dd365a31aa1fd743bc30b8e/1581106189983-1GFZSPFZZCR6EM5N4KR1/image-asset.jpeg/img.jpg
False Positives and Where to Find Them,http://images.squarespace-cdn.com/content/v1/5dd365a31aa1fd743bc30b8e/1739536831728-FMBLD4OYRSMSEE5LLAR9/blog8.jpg
Get your apps back!,http://images.squarespace-cdn.com/content/v1/5dd365a31aa1fd743bc30b8e/1621278444852-UJOZ1CCD36E6ABYTBSCO/unsplash-image-djDQKdjdYss.jpg
Getting Started with Intune Part 1: Where Are You Today?,http://images.squarespace-cdn.com/content/v1/5dd365a31aa1fd743bc30b8e/1730036395134-X8XWFSIZSR6NE81M3PI1/flight.jpeg
Getting Started with Intune Part 2: Don’t Build for the Fringe,http://images.squarespace-cdn.com/content/v1/5dd365a31aa1fd743bc30b8e/1730222119536-GI3XDOJN3Z9Y14MB0ZIO/getting_started2.jpeg
Getting Started with Intune Part 3: The Phases,http://images.squarespace-cdn.com/content/v1/5dd365a31aa1fd743bc30b8e/1730314692431-NIZT59ZNIR0WEJ73298I/getting_started_part3.jpeg
Getting Started with Intune Part 4: Don't Bring Your Garbage to the Cloud,http://images.squarespace-cdn.com/content/v1/5dd365a31aa1fd743bc30b8e/1730778371673-4Y4DKA0702MZTE1OD1TF/dumpster.jpeg
Getting Started with Intune Part 5: Two Paths,http://images.squarespace-cdn.com/content/v1/5dd365a31aa1fd743bc30b8e/1730990778030-KZM6P0XPOC42NO4Y7I0O/twoPaths.png
Getting Started with Intune Part 6: The Apps,http://images.squarespace-cdn.com/content/v1/5dd365a31aa1fd743bc30b8e/1731074590309-PEXA5KEQG9UPQ9CVAAUV/apps.png
"Getting Started with Intune Part 7: Update Rings, Bandwidth Savings, and the Road to Windows 11",http://images.squarespace-cdn.com/content/v1/5dd365a31aa1fd743bc30b8e/1731448438100-10AJ2NHFUA121CP54SDD/part6-4.png
Getting Started with Intune Part 8: Your New Management World,http://images.squarespace-cdn.com/content/v1/5dd365a31aa1fd743bc30b8e/1731533648743-PHPHLQ0248NOU8AXGEB2/finish.png
Getting Started with Multi-Device Query,http://images.squarespace-cdn.com/content/v1/5dd365a31aa1fd743bc30b8e/1740264002576-G41V0BZINV6GH143B04L/query.png
"Goodbye, VPN: Part 1 - This is private",http://images.squarespace-cdn.com/content/v1/5dd365a31aa1fd743bc30b8e/1716866262334-JKPZ0WBC3N3G6I418I2N/privateAccess1.png
"Goodbye, VPN: Part 2 - The public access user experience",http://images.squarespace-cdn.com/content/v1/5dd365a31aa1fd743bc30b8e/1717369666660-GALTEY5R41HZT2F5GT0M/movieSet.jpeg
Group Policy Migration V2,http://images.squarespace-cdn.com/content/v1/5dd365a31aa1fd743bc30b8e/1648692752856-9PP3YKXCP0EWFJDWIIRZ/unsplash-image-cxoR55-bels.jpg
Group Policy to Intune Migration,http://images.squarespace-cdn.com/content/v1/5dd365a31aa1fd743bc30b8e/1648237407261-ZTLDB89K7M4OYFTAWHH7/unsplash-image--87JyMb9ZfU.jpg
"Group Tags, LIVE!",http://images.squarespace-cdn.com/content/v1/5dd365a31aa1fd743bc30b8e/1581090747958-SRD303CF0KUFXZ6SDA89/image-asset.jpeg/img.jpg
"Group Tags, Part 3!",http://images.squarespace-cdn.com/content/v1/5dd365a31aa1fd743bc30b8e/1581091221601-E11WWJVL37FGH9V2JN0I/image-asset.jpeg/img.jpg
Home Office and Geek Cave Tour,http://images.squarespace-cdn.com/content/v1/5dd365a31aa1fd743bc30b8e/1621027910724-XCKQXB6UITZO77HL58ZL/20210514_125433.jpg
How to Bulk Update Autopilot Group Tags,http://images.squarespace-cdn.com/content/v1/5dd365a31aa1fd743bc30b8e/1712445167721-ZD3NFD1B5SP0JNRDXILH/PXL_20240406_223019694.jpg
How to configure Autopilot Device Preparation Part 2: User Experience,http://images.squarespace-cdn.com/content/v1/5dd365a31aa1fd743bc30b8e/1718131834035-HAQK9T8APBBFBJTB5ZCV/food.jpeg
How to configure Autopilot Device Preparation Part 3: The New Flow,http://images.squarespace-cdn.com/content/v1/5dd365a31aa1fd743bc30b8e/1718293996750-FG7G4X65MKAZEZKXNSX7/lost.jpeg
How to Connect Robopack to Intune,http://images.squarespace-cdn.com/content/v1/5dd365a31aa1fd743bc30b8e/1739028310433-88HFLEBK4B5QLD09SJNZ/robopack2.png
How to Deploy Scheduled Tasks with Intune,http://images.squarespace-cdn.com/content/v1/5dd365a31aa1fd743bc30b8e/1732570288635-CFQ9UK7K0AADW0AKFLHI/tasks.jpeg
Hyped-up Hyper-V,http://images.squarespace-cdn.com/content/v1/5dd365a31aa1fd743bc30b8e/1605584390170-9ARQ5OQXBLJG77Z4VWLT/image-asset.jpeg/img.jpg
I'm Hybrid Joined; Now What?,http://images.squarespace-cdn.com/content/v1/5dd365a31aa1fd743bc30b8e/1581106436872-O6HSTS5BSPSP62K1Y7NG/image-asset.jpeg/img.jpg
Intune and Package Managers - Part 1: Chocolatey,http://images.squarespace-cdn.com/content/v1/5dd365a31aa1fd743bc30b8e/1595474133083-3FWXLH15VKPG5VPI7XUX/image-asset.jpeg/img.jpg
Intune and Package Managers - Part 2: Winget,http://images.squarespace-cdn.com/content/v1/5dd365a31aa1fd743bc30b8e/1595614820689-XYOAJ25VEYCXXKPNRPMA/image-asset.jpeg/img.jpg
Intune App Testing and Time Travel,http://images.squarespace-cdn.com/content/v1/5dd365a31aa1fd743bc30b8e/1608756659589-4J74A0BBWBQFO34B4LOL/image-asset.jpeg/img.jpg
Intune Management Extension Notifications: Keep Them On!,http://images.squarespace-cdn.com/content/v1/5dd365a31aa1fd743bc30b8e/1709657312780-NYKCZWRZFC3UDXTYDW37/image-asset.jpeg/img.jpg
Intune Migration: watch it on YouTube,http://images.squarespace-cdn.com/content/v1/5dd365a31aa1fd743bc30b8e/1694441801816-GSUP20UM4YXD1IEO2XU6/image-asset.jpeg/img.jpg
Kioskuser0 and the Orange Dot,http://images.squarespace-cdn.com/content/v1/5dd365a31aa1fd743bc30b8e/1738014979535-J1K95N54RMW75AWIKF16/accountnotice1.jpg
,
"Let's Set Up Passkeys: The Easy, Secure Way!",http://images.squarespace-cdn.com/content/v1/5dd365a31aa1fd743bc30b8e/1738087911635-7A0H38712VJDXDWL5EQN/unsplash-image--o90yRQoXAM.jpg
Leverage Robopack 'Patch Groups' to manage app personas,http://images.squarespace-cdn.com/content/v1/5dd365a31aa1fd743bc30b8e/1743110489494-HNE8NK2AJ5ZEEIZVDR2T/coffee.png
Looking for something?  Use a remediation,http://images.squarespace-cdn.com/content/v1/5dd365a31aa1fd743bc30b8e/1711561677169-URR2FNVHWBFY1TAIP6MN/image-asset.jpeg/img.jpg
Make a Slick Start Menu,http://images.squarespace-cdn.com/content/v1/5dd365a31aa1fd743bc30b8e/1598298189416-0ZBVQWAYQZ1WH1NOUCBK/image-asset.jpeg/img.jpg
Methods of Madness,http://images.squarespace-cdn.com/content/v1/5dd365a31aa1fd743bc30b8e/1734123788042-JOJ49DT47NG74W4QMFS5/train.png
"Microsoft Graph: A Beginner's Guide to APIs, Endpoints, and URLs",http://images.squarespace-cdn.com/content/v1/5dd365a31aa1fd743bc30b8e/1733622896191-IDZ09CKX9ZVCPI7Q8TIV/graphGame.png
Microsoft Graph and PowerShell Part 1: Modules and Authentication,http://images.squarespace-cdn.com/content/v1/5dd365a31aa1fd743bc30b8e/1656612209544-JMYJODVXAC8ZN6Q1OGCN/unsplash-image-JKUTrJ4vK00.jpg
Multiple Enrollment Status Pages: A PSA,http://images.squarespace-cdn.com/content/v1/5dd365a31aa1fd743bc30b8e/1595942567978-NPX33249PPC8X9DP208Q/image-asset.jpeg/img.jpg
My six days at MMSMOA,http://images.squarespace-cdn.com/content/v1/5dd365a31aa1fd743bc30b8e/1746968180775-9NJRC3HFEBVZIYI0KVSL/MMS.jpg
NDES and SCEP for Intune: Part 1,http://images.squarespace-cdn.com/content/v1/5dd365a31aa1fd743bc30b8e/1620679959162-8J1G0TONK51CF9H54A1W/unsplash-image-M5tzZtFCOfs.jpg
NDES and SCEP for Intune: Part 2,http://images.squarespace-cdn.com/content/v1/5dd365a31aa1fd743bc30b8e/1620700894913-GDMWNHKKVKBQYL4KN95U/unsplash-image-9wWX_jwDHeM.jpg
NDES and SCEP for Intune: Part 3,http://images.squarespace-cdn.com/content/v1/5dd365a31aa1fd743bc30b8e/1620764880182-YIKOJOE87XZ5BHYR48CG/unsplash-image-yLDabpoCL3s.jpg
NDES and SCEP for Intune: Part 4,http://images.squarespace-cdn.com/content/v1/5dd365a31aa1fd743bc30b8e/1620844934623-G0A3WC6NQQPI13MTHIZX/unsplash-image-eA2t5EvcxU4.jpg
"Ninjas, Cloud PCs, and Security",http://images.squarespace-cdn.com/content/v1/5dd365a31aa1fd743bc30b8e/1749781264699-J4VFWI6AGG54ITNX6QKP/ninja_steve.png
Nothing works,http://images.squarespace-cdn.com/content/v1/5dd365a31aa1fd743bc30b8e/1695994682149-FBAQ4X1B5L8GFDZL6DI7/image-asset.jpeg/img.jpg
"Now You See It, Now You Don’t: Secure Access with Entra ID Governance",http://images.squarespace-cdn.com/content/v1/5dd365a31aa1fd743bc30b8e/1739153946137-DGA16D99VT1G5B0V54JY/unsplash-image-dttmeqFUDSU.jpg
On-premise access from Azure with Windows Hello for Business,http://images.squarespace-cdn.com/content/v1/5dd365a31aa1fd743bc30b8e/1581106589546-LB9ZBIQ35O6ML5VV7CJ5/image-asset.jpeg/img.jpg
"OneDrive, are you there?  It's me, MFA",http://images.squarespace-cdn.com/content/v1/5dd365a31aa1fd743bc30b8e/1717159659469-JJB28HPG60JFM0FEKFD5/oneDrive.jpeg
PATCH and DELETE for the Holidays,http://images.squarespace-cdn.com/content/v1/5dd365a31aa1fd743bc30b8e/1735072786250-JF9S0MINW5EY3XVCJSIZ/xmasBlog.jpg
Personal Devices and the Intune Management Extension: A PSA,http://images.squarespace-cdn.com/content/v1/5dd365a31aa1fd743bc30b8e/1601641170715-JETX16S73VKNF4622EGA/image-asset.jpeg/img.jpg
Personal Devices and the Intune Management Extension Part 2: Another PSA,http://images.squarespace-cdn.com/content/v1/5dd365a31aa1fd743bc30b8e/1601670877134-LH39I7N5FT1NM0Z874TU/image-asset.jpeg/img.jpg
Fighting the Enrollment Status Page,http://images.squarespace-cdn.com/content/v1/5dd365a31aa1fd743bc30b8e/1594787248200-3HSIGI770X09AA4Q796S/image-asset.jpeg/img.jpg
PowerShell Best Practices for Intune: Don't fight the functions,http://images.squarespace-cdn.com/content/v1/5dd365a31aa1fd743bc30b8e/1744385877496-QF9I007TCTN4QHC3YMZ0/stackSoldier.png
PowerShell Best Practices for Intune: Error Handling,http://images.squarespace-cdn.com/content/v1/5dd365a31aa1fd743bc30b8e/1743794171034-BCXILX4E05CY5NG3P6A2/karate_steve.jpg
PowerShell Best Practices for Intune: Logging,http://images.squarespace-cdn.com/content/v1/5dd365a31aa1fd743bc30b8e/1743432196129-L7Q9QBTJUFTDSUKWT828/logBlog.jpeg
"Print servers – a simple, on-demand .intunewin",http://images.squarespace-cdn.com/content/v1/5dd365a31aa1fd743bc30b8e/1707869738360-M9UH587IKPJQKD98LM9N/image-asset.jpeg/img.jpg
Put App Patching on Your Radar,http://images.squarespace-cdn.com/content/v1/5dd365a31aa1fd743bc30b8e/1740776120665-M6M03L0RICTHPTNW7UGM/radar.png
Rolling Out Intune Security Baselines (Without Causing a Workplace Uprising),http://images.squarespace-cdn.com/content/v1/5dd365a31aa1fd743bc30b8e/1739809620487-UU69KFLF2L7WHQEPUGA2/unsplash-image-zBTYRFCeaS0.jpg
Scripting in Intune,http://images.squarespace-cdn.com/content/v1/5dd365a31aa1fd743bc30b8e/1581104146473-V348IZBFA87N0OR6VTXU/image-asset.jpeg/img.jpg
,
Slappin the MR Baseline!,http://images.squarespace-cdn.com/content/v1/5dd365a31aa1fd743bc30b8e/1737050319848-QWRRDJ5UEXKN3W9G2MBB/fishimage.png
Smart App Control: A Surprise Pain,http://images.squarespace-cdn.com/content/v1/5dd365a31aa1fd743bc30b8e/1724166797719-ZNJTMLKWQ6APBUTUP7G0/farm.jpeg
"So long, Kiosk desktop icons",http://images.squarespace-cdn.com/content/v1/5dd365a31aa1fd743bc30b8e/1736281247151-X2ZRNXEKNL0JDUGAZ7XS/unsplash-image-oPkaxHsFTaI.jpg
Some answers for you,http://images.squarespace-cdn.com/content/v1/5dd365a31aa1fd743bc30b8e/1581036967085-JTVJJ8BWIFSL0CTBM19H/image-asset.jpeg/img.jpg
Surface Pro X and Teams,http://images.squarespace-cdn.com/content/v1/5dd365a31aa1fd743bc30b8e/1581106519400-RVA8ADLU3KI8I72XBC3T/image-asset.jpeg/img.jpg
Teams + Known Folder Move = Mess,http://images.squarespace-cdn.com/content/v1/5dd365a31aa1fd743bc30b8e/1599235382452-QOXDBE5PC6RX1ETI7H7U/image-asset.jpeg/img.jpg
Tenant to Tenant Intune Device Migration Part 1: The Orchestrator,http://images.squarespace-cdn.com/content/v1/5dd365a31aa1fd743bc30b8e/1690400366340-BOKVVZJEM9Z1HAYJ83QO/image-asset.jpeg/img.jpg
Tenant to Tenant Intune Device Migration Part 2: The Tasks of Rebooting and Restoring,http://images.squarespace-cdn.com/content/v1/5dd365a31aa1fd743bc30b8e/1690558654122-7IO2PMQWG9PLQUW7VK1C/image-asset.jpeg/img.jpg
Tenant to Tenant Intune Device Migration Part 3: A Group Tag Without Autopilot,http://images.squarespace-cdn.com/content/v1/5dd365a31aa1fd743bc30b8e/1690829907020-DORV2T6ZL7G569U3KXLC/image-asset.jpeg/img.jpg
Tenant to Tenant Intune Device Migration Part 4: The Bulk Token,http://images.squarespace-cdn.com/content/v1/5dd365a31aa1fd743bc30b8e/1690893939887-HXV972K334ST8D3S401W/image-asset.jpeg/img.jpg
Tenant to Tenant Intune Device Migration Part 5: The Primary User,http://images.squarespace-cdn.com/content/v1/5dd365a31aa1fd743bc30b8e/1690924478236-UO2EOWMED3H3JFVLWA2E/image-asset.jpeg/img.jpg
Tenant to Tenant Intune Device Migration Part 6: The Last Tasks,http://images.squarespace-cdn.com/content/v1/5dd365a31aa1fd743bc30b8e/1691000654777-TAHPKMVHWS5AOU916234/image-asset.jpeg/img.jpg
Tenant to Tenant Intune Device Migration Part 7: Go Time,http://images.squarespace-cdn.com/content/v1/5dd365a31aa1fd743bc30b8e/1691432140087-90QVCETBYI04045GZCQC/image-asset.jpeg/img.jpg
Tenant to Tenant Intune Device Migration: Beginning of a Series,http://images.squarespace-cdn.com/content/v1/5dd365a31aa1fd743bc30b8e/1689183644777-AM97KRGGGC2D5D2OLBW1/image-asset.jpeg/img.jpg
The truth about Autopilot,http://images.squarespace-cdn.com/content/v1/5dd365a31aa1fd743bc30b8e/1581036835470-ILPLWDIB3REUMLK2TDPD/image-asset.jpeg/img.jpg
Touching the Current User Registry Hive with Intune,http://images.squarespace-cdn.com/content/v1/5dd365a31aa1fd743bc30b8e/1732998362073-UUS2Z8U0AGU14FHI7ZBN/userRegContext.png
Troubleshooting Hardware Failure,http://images.squarespace-cdn.com/content/v1/5dd365a31aa1fd743bc30b8e/1612127944064-89M23K3XMB98FFQ1DEQW/image-asset.jpeg/img.jpg
Troubleshooting Profile Failure: Custom Policy Syntax,http://images.squarespace-cdn.com/content/v1/5dd365a31aa1fd743bc30b8e/1612022612364-6FI57YX47U8TA8Z4JTCA/image-asset.jpeg/img.jpg
Two Paths for User Data Migration,http://images.squarespace-cdn.com/content/v1/5dd365a31aa1fd743bc30b8e/1696257857638-1KA7OFIFIOVJZHLRV4F3/fork.png
Update about Updates,http://images.squarespace-cdn.com/content/v1/5dd365a31aa1fd743bc30b8e/1698360374604-SZDMK194QBNVV2FF182O/image-asset.jpeg/img.jpg
Updating Win32 app behavior via PowerShell and Graph,http://images.squarespace-cdn.com/content/v1/5dd365a31aa1fd743bc30b8e/1624539627778-F2NA4OWBC605XSW6HZE1/unsplash-image-Ny0Lt7hLSJ0.jpg
Weekly Recap: December 1,http://images.squarespace-cdn.com/content/v1/5dd365a31aa1fd743bc30b8e/1701439335494-CEP3OMJ2HLYQ3ISFVQQK/image-asset.jpeg/img.jpg
Weekly Recap: December 15,http://images.squarespace-cdn.com/content/v1/5dd365a31aa1fd743bc30b8e/1702646564633-RJBDZG9LA2P27Z7WEXNB/image-asset.jpeg/img.jpg
Weekly Recap: December 22,http://images.squarespace-cdn.com/content/v1/5dd365a31aa1fd743bc30b8e/1703261503423-GA3BPBLE3T74PCAKISN4/image-asset.jpeg/img.jpg
Weekly Recap: December 29,http://images.squarespace-cdn.com/content/v1/5dd365a31aa1fd743bc30b8e/1703863484866-13N6SS9T5KMPMGE6ZNKZ/image-asset.jpeg/img.jpg
Weekly Recap: December 8,http://images.squarespace-cdn.com/content/v1/5dd365a31aa1fd743bc30b8e/1702042107869-6JBIK6UQKRUQTEJOARD7/image-asset.jpeg/img.jpg
Weekly Recap: February 2,http://images.squarespace-cdn.com/content/v1/5dd365a31aa1fd743bc30b8e/1706898061903-686Z74NSB7FZVET4Y925/image-asset.jpeg/img.jpg
Weekly Recap: February 9,http://images.squarespace-cdn.com/content/v1/5dd365a31aa1fd743bc30b8e/1707493504360-SRWPREM1X31E8M6YWVRY/image-asset.jpeg/img.jpg
Weekly Recap: January 12,http://images.squarespace-cdn.com/content/v1/5dd365a31aa1fd743bc30b8e/1705063633349-NJQPFYRAQSFFS1KZDRJP/image-asset.jpeg/img.jpg
Weekly Recap: January 19,http://images.squarespace-cdn.com/content/v1/5dd365a31aa1fd743bc30b8e/1705695827788-EUL49LMJMHQK09NADJ57/image-asset.jpeg/img.jpg
Weekly Recap: January 26,http://images.squarespace-cdn.com/content/v1/5dd365a31aa1fd743bc30b8e/1706308691999-F9Q1FN1GS4K8UPV2ZDTC/image-asset.jpeg/img.jpg
Weekly Recap: January 5,http://images.squarespace-cdn.com/content/v1/5dd365a31aa1fd743bc30b8e/1704460185795-GWICD2J29H5Y0H1LPA4Q/image-asset.jpeg/img.jpg
Windows 11 Autopilot Enrollment,http://images.squarespace-cdn.com/content/v1/5dd365a31aa1fd743bc30b8e/1650591896117-MQBRNZPF0MMBXWX6ESGO/unsplash-image-8lYMNdL2u2c.jpg
Windows 11... Can we upgrade already?,http://images.squarespace-cdn.com/content/v1/5dd365a31aa1fd743bc30b8e/1734627754697-BBOHR2QUQ5ZP9U6RXYKX/unsplash-image-OaO6N9VUZYc.jpg
Almost Autopilot... Windows 365 and the Enrollment Status Page,http://images.squarespace-cdn.com/content/v1/5dd365a31aa1fd743bc30b8e/1631545883948-T08PMX8LQRPV6NMVUFFT/unsplash-image-yGPxCYPS8H4.jpg
"Yes, there are GPOs in Intune",http://images.squarespace-cdn.com/content/v1/5dd365a31aa1fd743bc30b8e/1581036935771-CMMJGGUZ33TIR1R8Q61P/image-asset.jpeg/img.jpg